,,Technology
,Technology,"(""science"
Technology,"(""science",of
"(""science",of,"craft"""
of,"craft""",from
"craft""",from,Greek
from,Greek,τέχνη
Greek,τέχνη,techne
τέχνη,techne,"""art"
techne,"""art",skill
"""art",skill,cunning
skill,cunning,of
cunning,of,"hand"""
of,"hand""",and
"hand""",and,-λογία
and,-λογία,-logia)
-λογία,-logia),is
-logia),is,the
is,the,collection
the,collection,of
collection,of,techniques
of,techniques,skills
techniques,skills,methods
skills,methods,and
methods,and,processes
and,processes,used
processes,used,in
used,in,the
in,the,production
the,production,of
production,of,goods
of,goods,or
goods,or,services
or,services,or
services,or,in
or,in,the
in,the,accomplishment
the,accomplishment,of
accomplishment,of,objectives
of,objectives,such
objectives,such,as
such,as,scientific
as,scientific,investigation
,,Technology
,Technology,can
Technology,can,be
can,be,the
be,the,knowledge
the,knowledge,of
knowledge,of,techniques
of,techniques,processes
techniques,processes,etc
,,or
,or,it
or,it,can
it,can,be
can,be,embedded
be,embedded,in
embedded,in,machines
in,machines,computers
machines,computers,devices
computers,devices,and
devices,and,factories
and,factories,which
factories,which,can
which,can,be
can,be,operated
be,operated,by
operated,by,individuals
by,individuals,without
individuals,without,detailed
without,detailed,knowledge
detailed,knowledge,of
knowledge,of,the
of,the,workings
the,workings,of
workings,of,such
of,such,things
,,The
,The,human
The,human,species'
human,species',use
species',use,of
use,of,technology
of,technology,began
technology,began,with
began,with,the
with,the,conversion
the,conversion,of
conversion,of,natural
of,natural,resources
natural,resources,into
resources,into,simple
into,simple,tools
,,The
,The,prehistoric
The,prehistoric,discovery
prehistoric,discovery,of
discovery,of,how
of,how,to
how,to,control
to,control,fire
control,fire,and
fire,and,the
and,the,later
the,later,Neolithic
later,Neolithic,Revolution
Neolithic,Revolution,increased
Revolution,increased,the
increased,the,available
the,available,sources
available,sources,of
sources,of,food
of,food,and
food,and,the
and,the,invention
the,invention,of
invention,of,the
of,the,wheel
the,wheel,helped
wheel,helped,humans
helped,humans,to
humans,to,travel
to,travel,in
travel,in,and
in,and,control
and,control,their
control,their,environment
,,Developments
,Developments,in
Developments,in,historic
in,historic,times
historic,times,including
times,including,the
including,the,printing
the,printing,press
printing,press,the
press,the,telephone
the,telephone,and
telephone,and,the
and,the,Internet
the,Internet,have
Internet,have,lessened
have,lessened,physical
lessened,physical,barriers
physical,barriers,to
barriers,to,communication
to,communication,and
communication,and,allowed
and,allowed,humans
allowed,humans,to
humans,to,interact
to,interact,freely
interact,freely,on
freely,on,a
on,a,global
a,global,scale
,,The
,The,steady
The,steady,progress
steady,progress,of
progress,of,military
of,military,technology
military,technology,has
technology,has,brought
has,brought,weapons
brought,weapons,of
weapons,of,ever-increasing
of,ever-increasing,destructive
ever-increasing,destructive,power
destructive,power,from
power,from,clubs
from,clubs,to
clubs,to,nuclear
to,nuclear,weapons
,,Technology
,Technology,has
Technology,has,many
has,many,effects
,,It
,It,has
It,has,helped
has,helped,develop
helped,develop,more
develop,more,advanced
more,advanced,economies
advanced,economies,(including
economies,(including,today's
(including,today's,global
today's,global,economy)
global,economy),and
economy),and,has
and,has,allowed
has,allowed,the
allowed,the,rise
the,rise,of
rise,of,a
of,a,leisure
a,leisure,class
,,Many
,Many,technological
Many,technological,processes
technological,processes,produce
processes,produce,unwanted
produce,unwanted,by-products
unwanted,by-products,known
by-products,known,as
known,as,pollution
as,pollution,and
pollution,and,deplete
and,deplete,natural
deplete,natural,resources
natural,resources,to
resources,to,the
to,the,detriment
the,detriment,of
detriment,of,Earth's
of,Earth's,environment
,,Various
,Various,implementations
Various,implementations,of
implementations,of,technology
of,technology,influence
technology,influence,the
influence,the,values
the,values,of
values,of,a
of,a,society
a,society,and
society,and,new
and,new,technology
new,technology,often
technology,often,raises
often,raises,new
raises,new,ethical
new,ethical,questions
,,Examples
,Examples,include
Examples,include,the
include,the,rise
the,rise,of
rise,of,the
of,the,notion
the,notion,of
notion,of,efficiency
of,efficiency,in
efficiency,in,terms
in,terms,of
terms,of,human
of,human,productivity
human,productivity,a
productivity,a,term
a,term,originally
term,originally,applied
originally,applied,only
applied,only,to
only,to,machines
to,machines,and
machines,and,the
and,the,challenge
the,challenge,of
challenge,of,traditional
of,traditional,norms
,,Philosophical
,Philosophical,debates
Philosophical,debates,have
debates,have,arisen
have,arisen,over
arisen,over,the
over,the,use
the,use,of
use,of,technology
of,technology,with
technology,with,disagreements
with,disagreements,over
disagreements,over,whether
over,whether,technology
whether,technology,improves
technology,improves,the
improves,the,human
the,human,condition
human,condition,or
condition,or,worsens
or,worsens,it
,,Neo-Luddism
,Neo-Luddism,anarcho-primitivism
Neo-Luddism,anarcho-primitivism,and
anarcho-primitivism,and,similar
and,similar,reactionary
similar,reactionary,movements
reactionary,movements,criticise
movements,criticise,the
criticise,the,pervasiveness
the,pervasiveness,of
pervasiveness,of,technology
of,technology,in
technology,in,the
in,the,modern
the,modern,world
modern,world,arguing
world,arguing,that
arguing,that,it
that,it,harms
it,harms,the
harms,the,environment
the,environment,and
environment,and,alienates
and,alienates,people
alienates,people,proponents
people,proponents,of
proponents,of,ideologies
of,ideologies,such
ideologies,such,as
such,as,transhumanism
as,transhumanism,and
transhumanism,and,techno-progressivism
and,techno-progressivism,view
techno-progressivism,view,continued
view,continued,technological
continued,technological,progress
technological,progress,as
progress,as,beneficial
as,beneficial,to
beneficial,to,society
to,society,and
society,and,the
and,the,human
the,human,condition
,,Until
,Until,recently
Until,recently,it
recently,it,was
it,was,believed
was,believed,that
believed,that,the
that,the,development
the,development,of
development,of,technology
of,technology,was
technology,was,restricted
was,restricted,only
restricted,only,to
only,to,human
to,human,beings
human,beings,but
beings,but,21st
but,21st,century
21st,century,scientific
century,scientific,studies
scientific,studies,indicate
studies,indicate,that
indicate,that,other
that,other,primates
other,primates,and
primates,and,certain
and,certain,dolphin
certain,dolphin,communities
dolphin,communities,have
communities,have,developed
have,developed,simple
developed,simple,tools
simple,tools,and
tools,and,passed
and,passed,their
passed,their,knowledge
their,knowledge,to
knowledge,to,other
to,other,generations
,,The
,The,spread
The,spread,of
spread,of,paper
of,paper,and
paper,and,printing
and,printing,to
printing,to,the
to,the,West
the,West,as
West,as,in
as,in,this
in,this,printing
this,printing,press
printing,press,helped
press,helped,scientists
helped,scientists,and
scientists,and,politicians
and,politicians,communicate
politicians,communicate,their
communicate,their,ideas
their,ideas,easily
ideas,easily,leading
easily,leading,to
leading,to,the
to,the,Age
the,Age,of
Age,of,Enlightenment
of,Enlightenment,an
Enlightenment,an,example
an,example,of
example,of,technology
of,technology,as
technology,as,cultural
as,cultural,force
,,The
,The,use
The,use,of
use,of,the
of,the,term
the,term,"""technology"""
term,"""technology""",has
"""technology""",has,changed
has,changed,significantly
changed,significantly,over
significantly,over,the
over,the,last
the,last,200
last,200,years
,,Before
,Before,the
Before,the,20th
the,20th,century
20th,century,the
century,the,term
the,term,was
term,was,uncommon
was,uncommon,in
uncommon,in,English
in,English,and
English,and,usually
and,usually,referred
usually,referred,to
referred,to,the
to,the,description
the,description,or
description,or,study
or,study,of
study,of,the
of,the,useful
the,useful,arts
,,The
,The,term
The,term,"""technology"""
term,"""technology""",rose
"""technology""",rose,to
rose,to,prominence
to,prominence,in
prominence,in,the
in,the,20th
the,20th,century
20th,century,in
century,in,connection
in,connection,with
connection,with,the
with,the,Second
the,Second,Industrial
Second,Industrial,Revolution
,,The
,The,term's
The,term's,meanings
term's,meanings,changed
meanings,changed,in
changed,in,the
in,the,early
the,early,20th
early,20th,century
20th,century,when
century,when,American
when,American,social
American,social,scientists
social,scientists,beginning
scientists,beginning,with
beginning,with,Thorstein
with,Thorstein,Veblen
Thorstein,Veblen,translated
Veblen,translated,ideas
translated,ideas,from
ideas,from,the
from,the,German
the,German,concept
German,concept,of
concept,of,Technik
of,Technik,into
Technik,into,"""technology"""
,,In
,In,German
In,German,and
German,and,other
and,other,European
other,European,languages
European,languages,a
languages,a,distinction
a,distinction,exists
distinction,exists,between
exists,between,technik
between,technik,and
technik,and,technologie
and,technologie,that
technologie,that,is
that,is,absent
is,absent,in
absent,in,English
in,English,which
English,which,usually
which,usually,translates
usually,translates,both
translates,both,terms
both,terms,as
terms,as,"""technology"""
,,By
,By,the
By,the,1930s
the,1930s,"""technology"""
1930s,"""technology""",referred
"""technology""",referred,not
referred,not,only
not,only,to
only,to,the
to,the,study
the,study,of
study,of,the
of,the,industrial
the,industrial,arts
industrial,arts,but
arts,but,to
but,to,the
to,the,industrial
the,industrial,arts
industrial,arts,themselves
,,In
,In,1937
In,1937,the
1937,the,American
the,American,sociologist
American,sociologist,Read
sociologist,Read,Bain
Read,Bain,wrote
Bain,wrote,that
wrote,that,"""technology"
that,"""technology",includes
"""technology",includes,all
includes,all,tools
all,tools,machines
tools,machines,utensils
machines,utensils,weapons
utensils,weapons,instruments
weapons,instruments,housing
instruments,housing,clothing
housing,clothing,communicating
clothing,communicating,and
communicating,and,transporting
and,transporting,devices
transporting,devices,and
devices,and,the
and,the,skills
the,skills,by
skills,by,which
by,which,we
which,we,produce
we,produce,and
produce,and,use
and,use,them
,,""""
,"""",More
"""",More,recently
More,recently,scholars
recently,scholars,have
scholars,have,borrowed
have,borrowed,from
borrowed,from,European
from,European,philosophers
European,philosophers,of
philosophers,of,"""technique"""
of,"""technique""",to
"""technique""",to,extend
to,extend,the
extend,the,meaning
the,meaning,of
meaning,of,technology
of,technology,to
technology,to,various
to,various,forms
various,forms,of
forms,of,instrumental
of,instrumental,reason
instrumental,reason,as
reason,as,in
as,in,Foucault's
in,Foucault's,work
Foucault's,work,on
work,on,technologies
on,technologies,of
technologies,of,the
of,the,self
the,self,(techniques
self,(techniques,de
(techniques,de,soi)
,,Dictionaries
,Dictionaries,and
Dictionaries,and,scholars
and,scholars,have
scholars,have,offered
have,offered,a
offered,a,variety
a,variety,of
variety,of,definitions
,,The
,The,Merriam-Webster
The,Merriam-Webster,Dictionary
Merriam-Webster,Dictionary,offers
Dictionary,offers,a
offers,a,definition
a,definition,of
definition,of,the
of,the,term
the,term,"""the"
term,"""the",practical
"""the",practical,application
practical,application,of
application,of,knowledge
of,knowledge,especially
knowledge,especially,in
especially,in,a
in,a,particular
a,particular,"area"""
particular,"area""",and
"area""",and,"""a"
and,"""a",capability
"""a",capability,given
capability,given,by
given,by,the
by,the,practical
the,practical,application
practical,application,of
application,of,"knowledge"""
,,Technology
,Technology,can
Technology,can,be
can,be,most
be,most,broadly
most,broadly,defined
broadly,defined,as
defined,as,the
as,the,entities
the,entities,both
entities,both,material
both,material,and
material,and,immaterial
and,immaterial,created
immaterial,created,by
created,by,the
by,the,application
the,application,of
application,of,mental
of,mental,and
mental,and,physical
and,physical,effort
physical,effort,in
effort,in,order
in,order,to
order,to,achieve
to,achieve,some
achieve,some,value
,,In
,In,this
In,this,usage
this,usage,technology
usage,technology,refers
technology,refers,to
refers,to,tools
to,tools,and
tools,and,machines
and,machines,that
machines,that,may
that,may,be
may,be,used
be,used,to
used,to,solve
to,solve,real-world
solve,real-world,problems
,,It
,It,is
It,is,a
is,a,far-reaching
a,far-reaching,term
far-reaching,term,that
term,that,may
that,may,include
may,include,simple
include,simple,tools
simple,tools,such
tools,such,as
such,as,a
as,a,crowbar
a,crowbar,or
crowbar,or,wooden
or,wooden,spoon
wooden,spoon,or
spoon,or,more
or,more,complex
more,complex,machines
complex,machines,such
machines,such,as
such,as,a
as,a,space
a,space,station
space,station,or
station,or,particle
or,particle,accelerator
,,Tools
,Tools,and
Tools,and,machines
and,machines,need
machines,need,not
need,not,be
not,be,material
be,material,virtual
material,virtual,technology
virtual,technology,such
technology,such,as
such,as,computer
as,computer,software
computer,software,and
software,and,business
and,business,methods
business,methods,fall
methods,fall,under
fall,under,this
under,this,definition
this,definition,of
definition,of,technology
,,The
,The,word
The,word,"""technology"""
word,"""technology""",can
"""technology""",can,also
can,also,be
also,be,used
be,used,to
used,to,refer
to,refer,to
refer,to,a
to,a,collection
a,collection,of
collection,of,techniques
,,In
,In,this
In,this,context
this,context,it
context,it,is
it,is,the
is,the,current
the,current,state
current,state,of
state,of,humanity's
of,humanity's,knowledge
humanity's,knowledge,of
knowledge,of,how
of,how,to
how,to,combine
to,combine,resources
combine,resources,to
resources,to,produce
to,produce,desired
produce,desired,products
desired,products,to
products,to,solve
to,solve,problems
solve,problems,fulfill
problems,fulfill,needs
fulfill,needs,or
needs,or,satisfy
or,satisfy,wants
satisfy,wants,it
wants,it,includes
it,includes,technical
includes,technical,methods
technical,methods,skills
methods,skills,processes
skills,processes,techniques
processes,techniques,tools
techniques,tools,and
tools,and,raw
and,raw,materials
,,When
,When,combined
When,combined,with
combined,with,another
with,another,term
another,term,such
term,such,as
such,as,"""medical"
as,"""medical","technology"""
"""medical","technology""",or
"technology""",or,"""space"
or,"""space","technology"""
"""space","technology""",it
"technology""",it,refers
it,refers,to
refers,to,the
to,the,state
the,state,of
state,of,the
of,the,respective
the,respective,field's
respective,field's,knowledge
field's,knowledge,and
knowledge,and,tools
,,"""State-of-the-art"
,"""State-of-the-art","technology"""
"""State-of-the-art","technology""",refers
"technology""",refers,to
refers,to,the
to,the,high
the,high,technology
high,technology,available
technology,available,to
available,to,humanity
to,humanity,in
humanity,in,any
in,any,field
,,The
,The,invention
The,invention,of
invention,of,integrated
of,integrated,circuits
integrated,circuits,and
circuits,and,the
and,the,microprocessor
the,microprocessor,(here
microprocessor,(here,an
(here,an,Intel
an,Intel,4004
Intel,4004,chip
4004,chip,from
chip,from,1971)
from,1971),led
1971),led,to
led,to,the
to,the,modern
the,modern,computer
modern,computer,revolution
,,Technology
,Technology,can
Technology,can,be
can,be,viewed
be,viewed,as
viewed,as,an
as,an,activity
an,activity,that
activity,that,forms
that,forms,or
forms,or,changes
or,changes,culture
,,Not
,Not,all
Not,all,technology
all,technology,enhances
technology,enhances,culture
enhances,culture,in
culture,in,a
in,a,creative
a,creative,way
creative,way,technology
way,technology,can
technology,can,also
can,also,help
also,help,facilitate
help,facilitate,political
facilitate,political,oppression
political,oppression,and
oppression,and,war
and,war,via
war,via,tools
via,tools,such
tools,such,as
such,as,guns
,,As
,As,a
As,a,cultural
a,cultural,activity
cultural,activity,technology
activity,technology,predates
technology,predates,both
predates,both,science
both,science,and
science,and,engineering
and,engineering,each
engineering,each,of
each,of,which
of,which,formalize
which,formalize,some
formalize,some,aspects
some,aspects,of
aspects,of,technological
of,technological,endeavor
,,Science
,Science,engineering
Science,engineering,and
<<<<<<< HEAD
engineering,and,"technology

Antoine"
and,"technology

Antoine",Lavoisier
"technology

=======
engineering,and,"technology

Antoine"
and,"technology

Antoine",Lavoisier
"technology

>>>>>>> e2c7402fbd787bc1e143cb301cae8a59b679546a
Antoine",Lavoisier,conducting
Lavoisier,conducting,an
conducting,an,experiment
an,experiment,with
experiment,with,combustion
with,combustion,generated
combustion,generated,by
generated,by,amplified
by,amplified,sun
<<<<<<< HEAD
amplified,sun,"light
The"
sun,"light
The",distinction
"light
=======
amplified,sun,"light
The"
sun,"light
The",distinction
"light
>>>>>>> e2c7402fbd787bc1e143cb301cae8a59b679546a
The",distinction,between
distinction,between,science
between,science,engineering
science,engineering,and
engineering,and,technology
and,technology,is
technology,is,not
is,not,always
not,always,clear
,,Science
,Science,is
Science,is,the
is,the,reasoned
the,reasoned,investigation
reasoned,investigation,or
investigation,or,study
or,study,of
study,of,natural
of,natural,phenomena
natural,phenomena,aimed
phenomena,aimed,at
aimed,at,discovering
at,discovering,enduring
discovering,enduring,principles
enduring,principles,among
principles,among,elements
among,elements,of
elements,of,the
of,the,phenomenal
the,phenomenal,world
phenomenal,world,by
world,by,employing
by,employing,formal
employing,formal,techniques
formal,techniques,such
techniques,such,as
such,as,the
as,the,scientific
the,scientific,method
,,Technologies
,Technologies,are
Technologies,are,not
are,not,usually
not,usually,exclusively
usually,exclusively,products
exclusively,products,of
products,of,science
of,science,because
science,because,they
because,they,have
they,have,to
have,to,satisfy
to,satisfy,requirements
satisfy,requirements,such
requirements,such,as
such,as,utility
as,utility,usability
utility,usability,and
usability,and,safety
,,Engineering
,Engineering,is
Engineering,is,the
is,the,goal-oriented
the,goal-oriented,process
goal-oriented,process,of
process,of,designing
of,designing,and
designing,and,making
and,making,tools
making,tools,and
tools,and,systems
and,systems,to
systems,to,exploit
to,exploit,natural
exploit,natural,phenomena
natural,phenomena,for
phenomena,for,practical
for,practical,human
practical,human,means
human,means,often
means,often,(but
often,(but,not
(but,not,always)
not,always),using
always),using,results
using,results,and
results,and,techniques
and,techniques,from
techniques,from,science
,,The
,The,development
The,development,of
development,of,technology
of,technology,may
technology,may,draw
may,draw,upon
draw,upon,many
upon,many,fields
many,fields,of
fields,of,knowledge
of,knowledge,including
knowledge,including,scientific
including,scientific,engineering
scientific,engineering,mathematical
engineering,mathematical,linguistic
mathematical,linguistic,and
linguistic,and,historical
and,historical,knowledge
historical,knowledge,to
knowledge,to,achieve
to,achieve,some
achieve,some,practical
some,practical,result
,,Technology
,Technology,is
Technology,is,often
is,often,a
often,a,consequence
a,consequence,of
consequence,of,science
of,science,and
science,and,engineering
and,engineering,although
engineering,although,technology
although,technology,as
technology,as,a
as,a,human
a,human,activity
human,activity,precedes
activity,precedes,the
precedes,the,two
the,two,fields
,,For
,For,example
For,example,science
example,science,might
science,might,study
might,study,the
study,the,flow
the,flow,of
flow,of,electrons
of,electrons,in
electrons,in,electrical
in,electrical,conductors
electrical,conductors,by
conductors,by,using
by,using,already-existing
using,already-existing,tools
already-existing,tools,and
tools,and,knowledge
,,This
,This,new-found
This,new-found,knowledge
new-found,knowledge,may
knowledge,may,then
may,then,be
then,be,used
be,used,by
used,by,engineers
by,engineers,to
engineers,to,create
to,create,new
create,new,tools
new,tools,and
tools,and,machines
and,machines,such
machines,such,as
such,as,semiconductors
as,semiconductors,computers
semiconductors,computers,and
computers,and,other
and,other,forms
other,forms,of
forms,of,advanced
of,advanced,technology
,,In
,In,this
In,this,sense
this,sense,scientists
sense,scientists,and
scientists,and,engineers
and,engineers,may
engineers,may,both
may,both,be
both,be,considered
be,considered,technologists
considered,technologists,the
technologists,the,three
the,three,fields
three,fields,are
fields,are,often
are,often,considered
often,considered,as
considered,as,one
as,one,for
one,for,the
for,the,purposes
the,purposes,of
purposes,of,research
of,research,and
research,and,reference
,,The
,The,exact
The,exact,relations
exact,relations,between
relations,between,science
between,science,and
science,and,technology
and,technology,in
technology,in,particular
in,particular,have
particular,have,been
have,been,debated
been,debated,by
debated,by,scientists
by,scientists,historians
scientists,historians,and
historians,and,policymakers
and,policymakers,in
policymakers,in,the
in,the,late
the,late,20th
late,20th,century
20th,century,in
century,in,part
in,part,because
part,because,the
because,the,debate
the,debate,can
debate,can,inform
can,inform,the
inform,the,funding
the,funding,of
funding,of,basic
of,basic,and
basic,and,applied
and,applied,science
,,In
,In,the
In,the,immediate
the,immediate,wake
immediate,wake,of
wake,of,World
of,World,War
World,War,II
War,II,for
II,for,example
for,example,in
example,in,the
in,the,United
the,United,States
United,States,it
States,it,was
it,was,widely
was,widely,considered
widely,considered,that
considered,that,technology
that,technology,was
technology,was,simply
was,simply,"""applied"
simply,"""applied","science"""
"""applied","science""",and
"science""",and,that
and,that,to
that,to,fund
to,fund,basic
fund,basic,science
basic,science,was
science,was,to
was,to,reap
to,reap,technological
reap,technological,results
technological,results,in
results,in,due
in,due,time
,,An
,An,articulation
An,articulation,of
articulation,of,this
of,this,philosophy
this,philosophy,could
philosophy,could,be
could,be,found
be,found,explicitly
found,explicitly,in
explicitly,in,Vannevar
in,Vannevar,Bush's
Vannevar,Bush's,treatise
Bush's,treatise,on
treatise,on,postwar
on,postwar,science
postwar,science,policy
science,policy,Science—The
policy,Science—The,Endless
Science—The,Endless,Frontier
Endless,Frontier,"""New"
Frontier,"""New",products
"""New",products,new
products,new,industries
new,industries,and
industries,and,more
and,more,jobs
more,jobs,require
jobs,require,continuous
require,continuous,additions
continuous,additions,to
additions,to,knowledge
to,knowledge,of
knowledge,of,the
of,the,laws
the,laws,of
laws,of,nature
,,
,,
,,This
,This,essential
This,essential,new
essential,new,knowledge
new,knowledge,can
knowledge,can,be
can,be,obtained
be,obtained,only
obtained,only,through
only,through,basic
through,basic,scientific
basic,scientific,research
,,""""
,"""",In
"""",In,the
In,the,late-1960s
the,late-1960s,however
late-1960s,however,this
however,this,view
this,view,came
view,came,under
came,under,direct
under,direct,attack
direct,attack,leading
attack,leading,towards
leading,towards,initiatives
towards,initiatives,to
initiatives,to,fund
to,fund,science
fund,science,for
science,for,specific
for,specific,tasks
specific,tasks,(initiatives
tasks,(initiatives,resisted
(initiatives,resisted,by
resisted,by,the
by,the,scientific
the,scientific,community)
,,The
,The,issue
The,issue,remains
issue,remains,contentious—though
remains,contentious—though,most
contentious—though,most,analysts
most,analysts,resist
analysts,resist,the
resist,the,model
the,model,that
model,that,technology
that,technology,simply
technology,simply,is
simply,is,a
is,a,result
a,result,of
result,of,scientific
of,scientific,research
<<<<<<< HEAD
,,"History
Main"
,"History
Main",articles
"History
=======
,,"History
Main"
,"History
Main",articles
"History
>>>>>>> e2c7402fbd787bc1e143cb301cae8a59b679546a
Main",articles,History
articles,History,of
History,of,technology
of,technology,Timeline
technology,Timeline,of
Timeline,of,historic
of,historic,inventions
historic,inventions,and
inventions,and,Timeline
and,Timeline,of
Timeline,of,electrical
of,electrical,and
electrical,and,electronic
<<<<<<< HEAD
and,electronic,"engineering
Paleolithic"
electronic,"engineering
=======
and,electronic,"engineering
Paleolithic"
electronic,"engineering
>>>>>>> e2c7402fbd787bc1e143cb301cae8a59b679546a
Paleolithic",(2
,,5
,5,million
5,million,YA
million,YA,–
YA,–,"10,000"
<<<<<<< HEAD
–,"10,000","BC)

A"
"10,000","BC)

A",primitive
"BC)

A",primitive,"chopper
Further"
primitive,"chopper
Further",information
"chopper
Further",information,Outline
information,Outline,of
Outline,of,prehistoric
of,prehistoric,"technology
The"
prehistoric,"technology
The",use
"technology
=======
–,"10,000","BC)

A"
"10,000","BC)

A",primitive
"BC)

A",primitive,"chopper
Further"
primitive,"chopper
Further",information
"chopper
Further",information,Outline
information,Outline,of
Outline,of,prehistoric
of,prehistoric,"technology
The"
prehistoric,"technology
The",use
"technology
>>>>>>> e2c7402fbd787bc1e143cb301cae8a59b679546a
The",use,of
use,of,tools
of,tools,by
tools,by,early
by,early,humans
early,humans,was
humans,was,partly
was,partly,a
partly,a,process
a,process,of
process,of,discovery
of,discovery,and
discovery,and,of
and,of,evolution
,,Early
,Early,humans
Early,humans,evolved
humans,evolved,from
evolved,from,a
from,a,species
a,species,of
species,of,foraging
of,foraging,hominids
foraging,hominids,which
hominids,which,were
which,were,already
<<<<<<< HEAD
were,already,"bipedal,

Stone"
already,"bipedal,

Stone","tools

Hand"
"bipedal,

Stone","tools

Hand",axes
"tools

Hand",axes,from
axes,from,the
from,the,Acheulian
the,Acheulian,"period

A"
Acheulian,"period

A",Clovis
"period

=======
were,already,"bipedal,

Stone"
already,"bipedal,

Stone","tools

Hand"
"bipedal,

Stone","tools

Hand",axes
"tools

Hand",axes,from
axes,from,the
from,the,Acheulian
the,Acheulian,"period

A"
Acheulian,"period

A",Clovis
"period

>>>>>>> e2c7402fbd787bc1e143cb301cae8a59b679546a
A",Clovis,point
Clovis,point,made
point,made,via
made,via,pressure
<<<<<<< HEAD
via,pressure,"flaking
Hominids"
pressure,"flaking
Hominids",started
"flaking
=======
via,pressure,"flaking
Hominids"
pressure,"flaking
Hominids",started
"flaking
>>>>>>> e2c7402fbd787bc1e143cb301cae8a59b679546a
Hominids",started,using
started,using,primitive
using,primitive,stone
primitive,stone,tools
stone,tools,millions
tools,millions,of
millions,of,years
of,years,ago
,,The
,The,earliest
The,earliest,stone
earliest,stone,tools
stone,tools,were
tools,were,little
were,little,more
little,more,than
more,than,a
than,a,fractured
a,fractured,rock
fractured,rock,but
rock,but,approximately
but,approximately,"40,000"
approximately,"40,000",years
"40,000",years,ago
years,ago,pressure
ago,pressure,flaking
pressure,flaking,provided
flaking,provided,a
provided,a,way
a,way,to
way,to,make
to,make,much
make,much,finer
much,finer,work
<<<<<<< HEAD
,,"Fire
Main"
,"Fire
Main",article
"Fire
=======
,,"Fire
Main"
,"Fire
Main",article
"Fire
>>>>>>> e2c7402fbd787bc1e143cb301cae8a59b679546a
Main",article,Control
article,Control,of
Control,of,fire
of,fire,by
fire,by,early
<<<<<<< HEAD
by,early,"humans
The"
early,"humans
The",discovery
"humans
=======
by,early,"humans
The"
early,"humans
The",discovery
"humans
>>>>>>> e2c7402fbd787bc1e143cb301cae8a59b679546a
The",discovery,and
discovery,and,utilization
and,utilization,of
utilization,of,fire
of,fire,a
fire,a,simple
a,simple,energy
simple,energy,source
energy,source,with
source,with,many
with,many,profound
many,profound,uses
profound,uses,was
uses,was,a
was,a,turning
a,turning,point
turning,point,in
point,in,the
in,the,technological
the,technological,evolution
technological,evolution,of
evolution,of,humankind
,,Clothing
,Clothing,and
<<<<<<< HEAD
Clothing,and,"shelter
Other"
and,"shelter
Other",technological
"shelter
=======
Clothing,and,"shelter
Other"
and,"shelter
Other",technological
"shelter
>>>>>>> e2c7402fbd787bc1e143cb301cae8a59b679546a
Other",technological,advances
technological,advances,made
advances,made,during
made,during,the
during,the,Paleolithic
the,Paleolithic,era
Paleolithic,era,were
era,were,clothing
were,clothing,and
clothing,and,shelter
and,shelter,the
shelter,the,adoption
the,adoption,of
adoption,of,both
of,both,technologies
both,technologies,cannot
technologies,cannot,be
cannot,be,dated
be,dated,exactly
dated,exactly,but
exactly,but,they
but,they,were
they,were,a
were,a,key
a,key,to
key,to,humanity's
to,humanity's,progress
,,As
,As,the
As,the,Paleolithic
the,Paleolithic,era
Paleolithic,era,progressed
era,progressed,dwellings
progressed,dwellings,became
dwellings,became,more
became,more,sophisticated
more,sophisticated,and
sophisticated,and,more
and,more,elaborate
more,elaborate,as
elaborate,as,early
as,early,as
early,as,"380,000"
as,"380,000",BC
"380,000",BC,humans
BC,humans,were
humans,were,constructing
were,constructing,temporary
constructing,temporary,wood
temporary,wood,huts
,,Neolithic
,Neolithic,through
Neolithic,through,classical
through,classical,antiquity
classical,antiquity,"(10,000"
antiquity,"(10,000",BC
"(10,000",BC,–
BC,–,300
<<<<<<< HEAD
–,300,"AD)

An"
300,"AD)

An",array
"AD)

=======
–,300,"AD)

An"
300,"AD)

An",array
"AD)

>>>>>>> e2c7402fbd787bc1e143cb301cae8a59b679546a
An",array,of
array,of,Neolithic
of,Neolithic,artifacts
Neolithic,artifacts,including
artifacts,including,bracelets
including,bracelets,axe
bracelets,axe,heads
axe,heads,chisels
heads,chisels,and
chisels,and,polishing
<<<<<<< HEAD
and,polishing,"tools
Man's"
polishing,"tools
Man's",technological
"tools
=======
and,polishing,"tools
Man's"
polishing,"tools
Man's",technological
"tools
>>>>>>> e2c7402fbd787bc1e143cb301cae8a59b679546a
Man's",technological,ascent
technological,ascent,began
ascent,began,in
began,in,earnest
in,earnest,in
earnest,in,what
in,what,is
what,is,known
is,known,as
known,as,the
as,the,Neolithic
the,Neolithic,period
Neolithic,period,"(""New"
period,"(""New",stone
"(""New",stone,"age"")"
,,The
,The,invention
The,invention,of
invention,of,polished
of,polished,stone
polished,stone,axes
stone,axes,was
axes,was,a
was,a,major
a,major,advance
major,advance,that
advance,that,allowed
that,allowed,forest
allowed,forest,clearance
forest,clearance,on
clearance,on,a
on,a,large
a,large,scale
large,scale,to
scale,to,create
to,create,farms
,,Agriculture
,Agriculture,fed
Agriculture,fed,larger
fed,larger,populations
larger,populations,and
populations,and,the
and,the,transition
the,transition,to
transition,to,sedentism
to,sedentism,allowed
sedentism,allowed,simultaneously
allowed,simultaneously,raising
simultaneously,raising,more
raising,more,children
more,children,as
children,as,infants
as,infants,no
infants,no,longer
no,longer,needed
longer,needed,to
needed,to,be
to,be,carried
be,carried,as
carried,as,nomadic
as,nomadic,ones
nomadic,ones,must
,,Additionally
,Additionally,children
Additionally,children,could
children,could,contribute
could,contribute,labor
contribute,labor,to
labor,to,the
to,the,raising
the,raising,of
raising,of,crops
of,crops,more
crops,more,readily
more,readily,than
readily,than,they
than,they,could
they,could,to
could,to,the
to,the,hunter-gatherer
the,hunter-gatherer,economy
,,With
,With,this
With,this,increase
this,increase,in
increase,in,population
in,population,and
population,and,availability
and,availability,of
availability,of,labor
of,labor,came
labor,came,an
came,an,increase
an,increase,in
increase,in,labor
in,labor,specialization
,,Metal
<<<<<<< HEAD
,Metal,"tools
Continuing"
Metal,"tools
Continuing",improvements
"tools
=======
,Metal,"tools
Continuing"
Metal,"tools
Continuing",improvements
"tools
>>>>>>> e2c7402fbd787bc1e143cb301cae8a59b679546a
Continuing",improvements,led
improvements,led,to
led,to,the
to,the,furnace
the,furnace,and
furnace,and,bellows
and,bellows,and
bellows,and,provided
and,provided,the
provided,the,ability
the,ability,to
ability,to,smelt
to,smelt,and
smelt,and,forge
and,forge,native
forge,native,metals
native,metals,(naturally
metals,(naturally,occurring
(naturally,occurring,in
occurring,in,relatively
in,relatively,pure
relatively,pure,form)
,,Native
,Native,copper
Native,copper,does
copper,does,not
does,not,naturally
not,naturally,occur
naturally,occur,in
occur,in,large
in,large,amounts
large,amounts,but
amounts,but,copper
but,copper,ores
copper,ores,are
ores,are,quite
are,quite,common
quite,common,and
common,and,some
and,some,of
some,of,them
of,them,produce
them,produce,metal
produce,metal,easily
metal,easily,when
easily,when,burned
when,burned,in
burned,in,wood
in,wood,or
wood,or,charcoal
or,charcoal,fires
,,Eventually
,Eventually,the
Eventually,the,working
the,working,of
working,of,metals
of,metals,led
metals,led,to
led,to,the
to,the,discovery
the,discovery,of
discovery,of,alloys
of,alloys,such
alloys,such,as
such,as,bronze
as,bronze,and
bronze,and,brass
and,brass,(about
brass,(about,4000
(about,4000,BC)
,,The
,The,first
The,first,uses
first,uses,of
uses,of,iron
of,iron,alloys
iron,alloys,such
alloys,such,as
such,as,steel
as,steel,dates
steel,dates,to
dates,to,around
to,around,1400
around,1400,BC
,,Energy
,Energy,and
<<<<<<< HEAD
Energy,and,"transport

The"
and,"transport

The",wheel
"transport

=======
Energy,and,"transport

The"
and,"transport

The",wheel
"transport

>>>>>>> e2c7402fbd787bc1e143cb301cae8a59b679546a
The",wheel,was
wheel,was,invented
was,invented,circa
invented,circa,4000
circa,4000,BC
,,Main
,Main,article
Main,article,History
article,History,of
<<<<<<< HEAD
History,of,"transport
Meanwhile"
of,"transport
Meanwhile",humans
"transport
=======
History,of,"transport
Meanwhile"
of,"transport
Meanwhile",humans
"transport
>>>>>>> e2c7402fbd787bc1e143cb301cae8a59b679546a
Meanwhile",humans,were
humans,were,learning
were,learning,to
learning,to,harness
to,harness,other
harness,other,forms
other,forms,of
forms,of,energy
,,The
,The,earliest
The,earliest,known
earliest,known,use
known,use,of
use,of,wind
of,wind,power
wind,power,is
power,is,the
is,the,sailboat
,,From
,From,prehistoric
From,prehistoric,times
prehistoric,times,Egyptians
times,Egyptians,probably
Egyptians,probably,used
probably,used,the
used,the,power
the,power,of
power,of,the
of,the,annual
the,annual,flooding
annual,flooding,of
flooding,of,the
of,the,Nile
the,Nile,to
Nile,to,irrigate
to,irrigate,their
irrigate,their,lands
their,lands,gradually
lands,gradually,learning
gradually,learning,to
learning,to,regulate
to,regulate,much
regulate,much,of
much,of,it
of,it,through
it,through,purposely
through,purposely,built
purposely,built,irrigation
built,irrigation,channels
irrigation,channels,and
channels,and,'catch'
and,'catch',basins
,,Similarly
,Similarly,the
Similarly,the,early
the,early,peoples
early,peoples,of
peoples,of,Mesopotamia
of,Mesopotamia,the
Mesopotamia,the,Sumerians
the,Sumerians,learned
Sumerians,learned,to
learned,to,use
to,use,the
use,the,Tigris
the,Tigris,and
Tigris,and,Euphrates
and,Euphrates,rivers
Euphrates,rivers,for
rivers,for,much
for,much,the
much,the,same
the,same,purposes
,,But
,But,more
But,more,extensive
more,extensive,use
extensive,use,of
use,of,wind
of,wind,and
wind,and,water
and,water,(and
water,(and,even
(and,even,human)
even,human),power
human),power,required
power,required,another
required,another,invention
,,According
,According,to
According,to,archaeologists
to,archaeologists,the
archaeologists,the,wheel
the,wheel,was
wheel,was,invented
was,invented,around
invented,around,4000
around,4000,B
,,C
,,probably
,probably,independently
probably,independently,and
independently,and,nearly
and,nearly,simultaneously
nearly,simultaneously,in
simultaneously,in,Mesopotamia
in,Mesopotamia,(in
Mesopotamia,(in,present-day
(in,present-day,Iraq)
present-day,Iraq),the
Iraq),the,Northern
the,Northern,Caucasus
Northern,Caucasus,(Maykop
Caucasus,(Maykop,culture)
(Maykop,culture),and
culture),and,Central
and,Central,Europe
,,Estimates
,Estimates,on
Estimates,on,when
on,when,this
when,this,may
this,may,have
may,have,occurred
have,occurred,range
occurred,range,from
range,from,5500
from,5500,to
5500,to,3000
to,3000,B
,,C
,,
,,with
,with,most
with,most,experts
most,experts,putting
experts,putting,it
putting,it,closer
it,closer,to
closer,to,4000
to,4000,B
,,C
,,The
,The,oldest
The,oldest,artifacts
oldest,artifacts,with
artifacts,with,drawings
with,drawings,that
drawings,that,depict
that,depict,wheeled
depict,wheeled,carts
wheeled,carts,date
carts,date,from
date,from,about
from,about,3000
about,3000,B
,,C
,,
,,however
,however,the
however,the,wheel
the,wheel,may
wheel,may,have
may,have,been
have,been,in
been,in,use
in,use,for
use,for,millennia
for,millennia,before
millennia,before,these
before,these,drawings
these,drawings,were
drawings,were,made
,,There
,There,is
There,is,also
is,also,evidence
also,evidence,from
evidence,from,the
from,the,same
the,same,period
same,period,for
period,for,the
for,the,use
the,use,of
use,of,the
of,the,potter's
the,potter's,wheel
,,More
,More,recently
More,recently,the
recently,the,oldest-known
the,oldest-known,wooden
oldest-known,wooden,wheel
wooden,wheel,in
wheel,in,the
in,the,world
the,world,was
world,was,found
was,found,in
found,in,the
in,the,Ljubljana
the,Ljubljana,marshes
Ljubljana,marshes,of
marshes,of,Slovenia
,,The
,The,invention
The,invention,of
invention,of,the
of,the,wheel
the,wheel,revolutionized
wheel,revolutionized,trade
revolutionized,trade,and
trade,and,war
,,It
,It,did
It,did,not
did,not,take
not,take,long
take,long,to
long,to,discover
to,discover,that
discover,that,wheeled
that,wheeled,wagons
wheeled,wagons,could
wagons,could,be
could,be,used
be,used,to
used,to,carry
to,carry,heavy
carry,heavy,loads
,,Fast
,Fast,(rotary)
Fast,(rotary),potters'
(rotary),potters',wheels
potters',wheels,enabled
wheels,enabled,early
enabled,early,mass
early,mass,production
mass,production,of
production,of,pottery
,,But
,But,it
But,it,was
it,was,the
was,the,use
the,use,of
use,of,the
of,the,wheel
the,wheel,as
wheel,as,a
as,a,transformer
a,transformer,of
transformer,of,energy
of,energy,(through
energy,(through,water
(through,water,wheels
water,wheels,windmills
wheels,windmills,and
windmills,and,even
and,even,treadmills)
even,treadmills),that
treadmills),that,revolutionized
that,revolutionized,the
revolutionized,the,application
the,application,of
application,of,nonhuman
of,nonhuman,power
nonhuman,power,sources
,,Medieval
,Medieval,and
Medieval,and,modern
and,modern,history
modern,history,(300
history,(300,AD
(300,AD,–
<<<<<<< HEAD
AD,–,"present)
Main"
–,"present)
Main",articles
"present)
=======
AD,–,"present)
Main"
–,"present)
Main",articles
"present)
>>>>>>> e2c7402fbd787bc1e143cb301cae8a59b679546a
Main",articles,Medieval
articles,Medieval,technology
Medieval,technology,Renaissance
technology,Renaissance,technology
Renaissance,technology,Industrial
technology,Industrial,Revolution
Industrial,Revolution,Second
Revolution,Second,Industrial
Second,Industrial,Revolution
Industrial,Revolution,Information
Revolution,Information,Technology
Information,Technology,and
Technology,and,Productivity
and,Productivity,improving
Productivity,improving,technologies
improving,technologies,(economic
<<<<<<< HEAD
technologies,(economic,"history)
Innovations"
(economic,"history)
Innovations",continued
"history)
=======
technologies,(economic,"history)
Innovations"
(economic,"history)
Innovations",continued
"history)
>>>>>>> e2c7402fbd787bc1e143cb301cae8a59b679546a
Innovations",continued,through
continued,through,the
through,the,Middle
the,Middle,Ages
Middle,Ages,with
Ages,with,innovations
with,innovations,such
innovations,such,as
such,as,silk
as,silk,the
silk,the,horse
the,horse,collar
horse,collar,and
collar,and,horseshoes
and,horseshoes,in
horseshoes,in,the
in,the,first
the,first,few
first,few,hundred
few,hundred,years
hundred,years,after
years,after,the
after,the,fall
the,fall,of
fall,of,the
of,the,Roman
the,Roman,Empire
,,Medieval
,Medieval,technology
Medieval,technology,saw
technology,saw,the
saw,the,use
the,use,of
use,of,simple
of,simple,machines
simple,machines,(such
machines,(such,as
(such,as,the
as,the,lever
the,lever,the
lever,the,screw
the,screw,and
screw,and,the
and,the,pulley)
the,pulley),being
pulley),being,combined
being,combined,to
combined,to,form
to,form,more
form,more,complicated
more,complicated,tools
complicated,tools,such
tools,such,as
such,as,the
as,the,wheelbarrow
the,wheelbarrow,windmills
wheelbarrow,windmills,and
windmills,and,clocks
,,The
,The,Renaissance
The,Renaissance,brought
Renaissance,brought,forth
brought,forth,many
forth,many,of
many,of,these
of,these,innovations
these,innovations,including
innovations,including,the
including,the,printing
the,printing,press
printing,press,(which
press,(which,facilitated
(which,facilitated,the
facilitated,the,greater
the,greater,communication
greater,communication,of
communication,of,knowledge)
of,knowledge),and
knowledge),and,technology
and,technology,became
technology,became,increasingly
became,increasingly,associated
increasingly,associated,with
associated,with,science
with,science,beginning
science,beginning,a
beginning,a,cycle
a,cycle,of
cycle,of,mutual
of,mutual,advancement
,,The
,The,advancements
The,advancements,in
advancements,in,technology
in,technology,in
technology,in,this
in,this,era
this,era,allowed
era,allowed,a
allowed,a,more
a,more,steady
more,steady,supply
steady,supply,of
supply,of,food
of,food,followed
food,followed,by
followed,by,the
by,the,wider
the,wider,availability
wider,availability,of
availability,of,consumer
of,consumer,goods
,,The
,The,automobile
The,automobile,revolutionized
automobile,revolutionized,personal
revolutionized,personal,transportation
,,Starting
,Starting,in
Starting,in,the
in,the,United
the,United,Kingdom
United,Kingdom,in
Kingdom,in,the
in,the,18th
the,18th,century
18th,century,the
century,the,Industrial
the,Industrial,Revolution
Industrial,Revolution,was
Revolution,was,a
was,a,period
a,period,of
period,of,great
of,great,technological
great,technological,discovery
technological,discovery,particularly
discovery,particularly,in
particularly,in,the
in,the,areas
the,areas,of
areas,of,agriculture
of,agriculture,manufacturing
agriculture,manufacturing,mining
manufacturing,mining,metallurgy
mining,metallurgy,and
metallurgy,and,transport
and,transport,driven
transport,driven,by
driven,by,the
by,the,discovery
the,discovery,of
discovery,of,steam
of,steam,power
,,Technology
,Technology,took
Technology,took,another
took,another,step
another,step,in
step,in,a
in,a,second
a,second,industrial
second,industrial,revolution
industrial,revolution,with
revolution,with,the
with,the,harnessing
the,harnessing,of
harnessing,of,electricity
of,electricity,to
electricity,to,create
to,create,such
create,such,innovations
such,innovations,as
innovations,as,the
as,the,electric
the,electric,motor
electric,motor,light
motor,light,bulb
light,bulb,and
bulb,and,countless
and,countless,others
,,Scientific
,Scientific,advancement
Scientific,advancement,and
advancement,and,the
and,the,discovery
the,discovery,of
discovery,of,new
of,new,concepts
new,concepts,later
concepts,later,allowed
later,allowed,for
allowed,for,powered
for,powered,flight
powered,flight,and
flight,and,advancements
and,advancements,in
advancements,in,medicine
in,medicine,chemistry
medicine,chemistry,physics
chemistry,physics,and
physics,and,engineering
,,The
,The,rise
The,rise,in
rise,in,technology
in,technology,has
technology,has,led
has,led,to
led,to,skyscrapers
to,skyscrapers,and
skyscrapers,and,broad
and,broad,urban
broad,urban,areas
urban,areas,whose
areas,whose,inhabitants
whose,inhabitants,rely
inhabitants,rely,on
rely,on,motors
on,motors,to
motors,to,transport
to,transport,them
transport,them,and
them,and,their
and,their,daily
their,daily,bread
,,Communication
,Communication,was
Communication,was,also
was,also,greatly
also,greatly,improved
greatly,improved,with
improved,with,the
with,the,invention
the,invention,of
invention,of,the
of,the,telegraph
the,telegraph,telephone
telegraph,telephone,radio
telephone,radio,and
radio,and,television
,,The
,The,late
The,late,19th
late,19th,and
19th,and,early
and,early,20th
early,20th,centuries
20th,centuries,saw
centuries,saw,a
saw,a,revolution
a,revolution,in
revolution,in,transportation
in,transportation,with
transportation,with,the
with,the,invention
the,invention,of
invention,of,the
of,the,airplane
the,airplane,and
airplane,and,automobile
,,F-15
,F-15,and
F-15,and,F-16
and,F-16,flying
F-16,flying,over
flying,over,a
over,a,burning
a,burning,oil
burning,oil,field
oil,field,in
field,in,Kuwait
in,Kuwait,in
Kuwait,in,1991
,,The
,The,20th
The,20th,century
20th,century,brought
century,brought,a
brought,a,host
a,host,of
host,of,innovations
,,In
,In,physics
In,physics,the
physics,the,discovery
the,discovery,of
discovery,of,nuclear
of,nuclear,fission
nuclear,fission,has
fission,has,led
has,led,to
led,to,both
to,both,nuclear
both,nuclear,weapons
nuclear,weapons,and
weapons,and,nuclear
and,nuclear,power
,,Computers
,Computers,were
Computers,were,also
were,also,invented
also,invented,and
invented,and,later
and,later,miniaturized
later,miniaturized,utilizing
miniaturized,utilizing,transistors
utilizing,transistors,and
transistors,and,integrated
and,integrated,circuits
,,information
,information,technology
information,technology,subsequently
technology,subsequently,led
subsequently,led,to
led,to,the
to,the,creation
the,creation,of
creation,of,the
of,the,Internet
the,Internet,which
Internet,which,ushered
which,ushered,in
ushered,in,the
in,the,current
the,current,Information
current,Information,Age
,,Humans
,Humans,have
Humans,have,also
have,also,been
also,been,able
been,able,to
able,to,explore
to,explore,space
explore,space,with
space,with,satellites
with,satellites,(later
satellites,(later,used
(later,used,for
used,for,telecommunication)
for,telecommunication),and
telecommunication),and,in
and,in,manned
in,manned,missions
manned,missions,going
missions,going,all
going,all,the
all,the,way
the,way,to
way,to,the
to,the,moon
,,In
,In,medicine
In,medicine,this
medicine,this,era
this,era,brought
era,brought,innovations
brought,innovations,such
innovations,such,as
such,as,open-heart
as,open-heart,surgery
open-heart,surgery,and
surgery,and,later
and,later,stem
later,stem,cell
stem,cell,therapy
cell,therapy,along
therapy,along,with
along,with,new
with,new,medications
new,medications,and
medications,and,treatments
,,Complex
,Complex,manufacturing
Complex,manufacturing,and
manufacturing,and,construction
and,construction,techniques
construction,techniques,and
techniques,and,organizations
and,organizations,are
organizations,are,needed
are,needed,to
needed,to,make
to,make,and
make,and,maintain
and,maintain,these
maintain,these,new
these,new,technologies
new,technologies,and
technologies,and,entire
and,entire,industries
entire,industries,have
industries,have,arisen
have,arisen,to
arisen,to,support
to,support,and
support,and,develop
and,develop,succeeding
develop,succeeding,generations
succeeding,generations,of
generations,of,increasingly
of,increasingly,more
increasingly,more,complex
more,complex,tools
,,Modern
,Modern,technology
Modern,technology,increasingly
technology,increasingly,relies
increasingly,relies,on
relies,on,training
on,training,and
training,and,education
and,education,their
education,their,designers
their,designers,builders
designers,builders,maintainers
builders,maintainers,and
maintainers,and,users
and,users,often
users,often,require
often,require,sophisticated
require,sophisticated,general
sophisticated,general,and
general,and,specific
and,specific,training
,,Moreover
,Moreover,these
Moreover,these,technologies
these,technologies,have
technologies,have,become
have,become,so
become,so,complex
so,complex,that
complex,that,entire
that,entire,fields
entire,fields,have
fields,have,been
have,been,created
been,created,to
created,to,support
to,support,them
support,them,including
them,including,engineering
including,engineering,medicine
engineering,medicine,and
medicine,and,computer
and,computer,science
computer,science,and
science,and,other
and,other,fields
other,fields,have
fields,have,been
have,been,made
been,made,more
made,more,complex
more,complex,such
complex,such,as
such,as,construction
as,construction,transportation
construction,transportation,and
transportation,and,architecture
<<<<<<< HEAD
,,"Philosophy
Technicism
Generally"
,"Philosophy
Technicism
Generally",technicism
"Philosophy
Technicism
=======
,,"Philosophy
Technicism
Generally"
,"Philosophy
Technicism
Generally",technicism
"Philosophy
Technicism
>>>>>>> e2c7402fbd787bc1e143cb301cae8a59b679546a
Generally",technicism,is
technicism,is,a
is,a,reliance
a,reliance,or
reliance,or,confidence
or,confidence,in
confidence,in,technology
in,technology,as
technology,as,a
as,a,benefactor
a,benefactor,of
benefactor,of,society
,,Taken
,Taken,to
Taken,to,extreme
to,extreme,technicism
extreme,technicism,is
technicism,is,the
is,the,belief
the,belief,that
belief,that,humanity
that,humanity,will
humanity,will,ultimately
will,ultimately,be
ultimately,be,able
be,able,to
able,to,control
to,control,the
control,the,entirety
the,entirety,of
entirety,of,existence
of,existence,using
existence,using,technology
,,In
,In,other
In,other,words
other,words,human
words,human,beings
human,beings,will
beings,will,someday
will,someday,be
someday,be,able
be,able,to
able,to,master
to,master,all
master,all,problems
all,problems,and
problems,and,possibly
and,possibly,even
possibly,even,control
even,control,the
control,the,future
the,future,using
future,using,technology
,,Some
,Some,such
Some,such,as
such,as,Stephen
as,Stephen,V
,,Monsma
,Monsma,connect
Monsma,connect,these
connect,these,ideas
these,ideas,to
ideas,to,the
to,the,abdication
the,abdication,of
abdication,of,religion
of,religion,as
religion,as,a
as,a,higher
a,higher,moral
higher,moral,authority
<<<<<<< HEAD
,,"Optimism
See"
,"Optimism
See",also
"Optimism
See",also,"Extropianism
Optimistic"
also,"Extropianism
Optimistic",assumptions
"Extropianism
=======
,,"Optimism
See"
,"Optimism
See",also
"Optimism
See",also,"Extropianism
Optimistic"
also,"Extropianism
Optimistic",assumptions
"Extropianism
>>>>>>> e2c7402fbd787bc1e143cb301cae8a59b679546a
Optimistic",assumptions,are
assumptions,are,made
are,made,by
made,by,proponents
by,proponents,of
proponents,of,ideologies
of,ideologies,such
ideologies,such,as
such,as,transhumanism
as,transhumanism,and
transhumanism,and,singularitarianism
and,singularitarianism,which
singularitarianism,which,view
which,view,technological
view,technological,development
technological,development,as
development,as,generally
as,generally,having
generally,having,beneficial
having,beneficial,effects
beneficial,effects,for
effects,for,the
for,the,society
the,society,and
society,and,the
and,the,human
the,human,condition
,,In
,In,these
In,these,ideologies
these,ideologies,technological
ideologies,technological,development
technological,development,is
development,is,morally
is,morally,good
,,Some
,Some,critics
Some,critics,see
critics,see,these
see,these,ideologies
these,ideologies,as
ideologies,as,examples
as,examples,of
examples,of,scientism
of,scientism,and
scientism,and,techno-utopianism
and,techno-utopianism,and
techno-utopianism,and,fear
and,fear,the
fear,the,notion
the,notion,of
notion,of,human
of,human,enhancement
human,enhancement,and
enhancement,and,technological
and,technological,singularity
technological,singularity,which
singularity,which,they
which,they,support
,,Some
,Some,have
Some,have,described
have,described,Karl
described,Karl,Marx
Karl,Marx,as
Marx,as,a
as,a,techno-optimist
,,Skepticism
,Skepticism,and
<<<<<<< HEAD
Skepticism,and,"critics
See"
and,"critics
See",also
"critics
=======
Skepticism,and,"critics
See"
and,"critics
See",also
"critics
>>>>>>> e2c7402fbd787bc1e143cb301cae8a59b679546a
See",also,Luddite
also,Luddite,Neo-luddism
Luddite,Neo-luddism,Anarcho-primitivism
Neo-luddism,Anarcho-primitivism,and
<<<<<<< HEAD
Anarcho-primitivism,and,"Bioconservatism
Refer"
and,"Bioconservatism
Refer",to
"Bioconservatism
Refer",to,"caption
Luddites"
to,"caption
Luddites",smashing
"caption
=======
Anarcho-primitivism,and,"Bioconservatism
Refer"
and,"Bioconservatism
Refer",to
"Bioconservatism
Refer",to,"caption
Luddites"
to,"caption
Luddites",smashing
"caption
>>>>>>> e2c7402fbd787bc1e143cb301cae8a59b679546a
Luddites",smashing,a
smashing,a,power
a,power,loom
power,loom,in
<<<<<<< HEAD
loom,in,"1812
On"
in,"1812
On",the
"1812
=======
loom,in,"1812
On"
in,"1812
On",the
"1812
>>>>>>> e2c7402fbd787bc1e143cb301cae8a59b679546a
On",the,somewhat
the,somewhat,skeptical
somewhat,skeptical,side
skeptical,side,are
side,are,certain
are,certain,philosophers
certain,philosophers,like
philosophers,like,Herbert
like,Herbert,Marcuse
Herbert,Marcuse,and
Marcuse,and,John
and,John,Zerzan
John,Zerzan,who
Zerzan,who,believe
who,believe,that
believe,that,technological
that,technological,societies
technological,societies,are
societies,are,inherently
are,inherently,flawed
,,They
,They,suggest
They,suggest,that
suggest,that,the
that,the,inevitable
the,inevitable,result
inevitable,result,of
result,of,such
of,such,a
such,a,society
a,society,is
society,is,to
is,to,become
to,become,evermore
become,evermore,technological
evermore,technological,at
technological,at,the
at,the,cost
the,cost,of
cost,of,freedom
of,freedom,and
freedom,and,psychological
and,psychological,health
,,Many
,Many,such
Many,such,as
such,as,the
as,the,Luddites
the,Luddites,and
Luddites,and,prominent
and,prominent,philosopher
prominent,philosopher,Martin
philosopher,Martin,Heidegger
Martin,Heidegger,hold
Heidegger,hold,serious
hold,serious,although
serious,although,not
although,not,entirely
not,entirely,deterministic
entirely,deterministic,reservations
deterministic,reservations,about
reservations,about,technology
about,technology,(see
technology,(see,"""The"
(see,"""The",Question
"""The",Question,Concerning
<<<<<<< HEAD
Question,Concerning,"Technology""

Some"
Concerning,"Technology""

Some",of
"Technology""

=======
Question,Concerning,"Technology""

Some"
Concerning,"Technology""

Some",of
"Technology""

>>>>>>> e2c7402fbd787bc1e143cb301cae8a59b679546a
Some",of,the
of,the,most
the,most,poignant
most,poignant,criticisms
poignant,criticisms,of
criticisms,of,technology
of,technology,are
technology,are,found
are,found,in
found,in,what
in,what,are
what,are,now
are,now,considered
now,considered,to
considered,to,be
to,be,dystopian
be,dystopian,literary
dystopian,literary,classics
literary,classics,for
classics,for,example
for,example,Aldous
example,Aldous,Huxley's
Aldous,Huxley's,Brave
Huxley's,Brave,New
Brave,New,World
New,World,and
World,and,other
and,other,writings
other,writings,Anthony
writings,Anthony,Burgess's
Anthony,Burgess's,A
Burgess's,A,Clockwork
A,Clockwork,Orange
Clockwork,Orange,and
Orange,and,George
and,George,Orwell's
George,Orwell's,Nineteen
Orwell's,Nineteen,Eighty-Four
,,And
,And,in
And,in,Faust
in,Faust,by
Faust,by,Goethe
by,Goethe,Faust's
Goethe,Faust's,selling
Faust's,selling,his
selling,his,soul
his,soul,to
soul,to,the
to,the,devil
the,devil,in
devil,in,return
in,return,for
return,for,power
for,power,over
power,over,the
over,the,physical
the,physical,world
physical,world,is
world,is,also
is,also,often
also,often,interpreted
often,interpreted,as
interpreted,as,a
as,a,metaphor
a,metaphor,for
metaphor,for,the
for,the,adoption
the,adoption,of
adoption,of,industrial
of,industrial,technology
,,More
,More,recently
More,recently,modern
recently,modern,works
modern,works,of
works,of,science
of,science,fiction
science,fiction,such
fiction,such,as
such,as,those
as,those,by
those,by,Philip
by,Philip,K
,,Dick
,Dick,and
Dick,and,William
and,William,Gibson
William,Gibson,and
Gibson,and,films
and,films,(e
,,g
,,Blade
,Blade,Runner
Blade,Runner,Ghost
Runner,Ghost,in
Ghost,in,the
in,the,Shell)
the,Shell),project
Shell),project,highly
project,highly,ambivalent
highly,ambivalent,or
ambivalent,or,cautionary
or,cautionary,attitudes
cautionary,attitudes,toward
attitudes,toward,technology's
toward,technology's,impact
technology's,impact,on
impact,on,human
on,human,society
human,society,and
society,and,identity
,,The
,The,late
The,late,cultural
late,cultural,critic
cultural,critic,Neil
critic,Neil,Postman
Neil,Postman,distinguished
Postman,distinguished,tool-using
distinguished,tool-using,societies
tool-using,societies,from
societies,from,technological
from,technological,societies
technological,societies,and
societies,and,finally
and,finally,what
finally,what,he
what,he,called
he,called,"""technopolies,"""
called,"""technopolies,""",that
"""technopolies,""",that,is
that,is,societies
is,societies,that
societies,that,are
that,are,dominated
are,dominated,by
dominated,by,the
by,the,ideology
the,ideology,of
ideology,of,technological
of,technological,and
technological,and,scientific
and,scientific,progress
scientific,progress,to
progress,to,the
to,the,exclusion
the,exclusion,or
exclusion,or,harm
or,harm,of
harm,of,other
of,other,cultural
other,cultural,practices
cultural,practices,values
practices,values,and
values,and,world-views
,,Darin
,Darin,Barney
Darin,Barney,has
Barney,has,written
has,written,about
written,about,technology's
about,technology's,impact
technology's,impact,on
impact,on,practices
on,practices,of
practices,of,citizenship
of,citizenship,and
citizenship,and,democratic
and,democratic,culture
democratic,culture,suggesting
culture,suggesting,that
suggesting,that,technology
that,technology,can
technology,can,be
can,be,construed
be,construed,as
construed,as,(1)
as,(1),an
(1),an,object
an,object,of
object,of,political
of,political,debate
political,debate,(2)
debate,(2),a
(2),a,means
a,means,or
means,or,medium
or,medium,of
medium,of,discussion
of,discussion,and
discussion,and,(3)
and,(3),a
(3),a,setting
a,setting,for
setting,for,democratic
for,democratic,deliberation
democratic,deliberation,and
deliberation,and,citizenship
,,As
,As,a
As,a,setting
a,setting,for
setting,for,democratic
for,democratic,culture
democratic,culture,Barney
culture,Barney,suggests
Barney,suggests,that
suggests,that,technology
that,technology,tends
technology,tends,to
tends,to,make
to,make,ethical
make,ethical,questions
ethical,questions,including
questions,including,the
including,the,question
the,question,of
question,of,what
of,what,a
what,a,good
a,good,life
good,life,consists
life,consists,in
consists,in,nearly
in,nearly,impossible
nearly,impossible,because
impossible,because,they
because,they,already
they,already,give
already,give,an
give,an,answer
an,answer,to
answer,to,the
to,the,question
the,question,a
question,a,good
a,good,life
good,life,is
life,is,one
is,one,that
one,that,includes
that,includes,the
includes,the,use
the,use,of
use,of,more
of,more,and
more,and,more
and,more,technology
,,Nikolas
,Nikolas,Kompridis
Nikolas,Kompridis,has
Kompridis,has,also
has,also,written
also,written,about
written,about,the
about,the,dangers
the,dangers,of
dangers,of,new
of,new,technology
new,technology,such
technology,such,as
such,as,genetic
as,genetic,engineering
genetic,engineering,nanotechnology
engineering,nanotechnology,synthetic
nanotechnology,synthetic,biology
synthetic,biology,and
biology,and,robotics
,,He
,He,warns
He,warns,that
warns,that,these
that,these,technologies
these,technologies,introduce
technologies,introduce,unprecedented
introduce,unprecedented,new
unprecedented,new,challenges
new,challenges,to
challenges,to,human
to,human,beings
human,beings,including
beings,including,the
including,the,possibility
the,possibility,of
possibility,of,the
of,the,permanent
the,permanent,alteration
permanent,alteration,of
alteration,of,our
of,our,biological
our,biological,nature
,,These
,These,concerns
These,concerns,are
concerns,are,shared
are,shared,by
shared,by,other
by,other,philosophers
other,philosophers,scientists
philosophers,scientists,and
scientists,and,public
and,public,intellectuals
public,intellectuals,who
intellectuals,who,have
who,have,written
have,written,about
written,about,similar
about,similar,issues
similar,issues,(e
,,g
,,Francis
,Francis,Fukuyama
Francis,Fukuyama,Jürgen
Fukuyama,Jürgen,Habermas
Jürgen,Habermas,William
Habermas,William,Joy
William,Joy,and
Joy,and,Michael
and,Michael,Sandel)
,,Another
,Another,prominent
Another,prominent,critic
prominent,critic,of
critic,of,technology
of,technology,is
technology,is,Hubert
is,Hubert,Dreyfus
Hubert,Dreyfus,who
Dreyfus,who,has
who,has,published
has,published,books
published,books,On
books,On,the
On,the,Internet
the,Internet,and
Internet,and,What
and,What,Computers
What,Computers,Still
Computers,Still,Can't
Still,Can't,Do
,,Another
,Another,more
Another,more,infamous
more,infamous,anti-technological
infamous,anti-technological,treatise
anti-technological,treatise,is
treatise,is,Industrial
is,Industrial,Society
Industrial,Society,and
Society,and,Its
and,Its,Future
Its,Future,written
Future,written,by
written,by,Theodore
by,Theodore,Kaczynski
Theodore,Kaczynski,(aka
Kaczynski,(aka,The
(aka,The,Unabomber)
The,Unabomber),and
Unabomber),and,printed
and,printed,in
printed,in,several
in,several,major
several,major,newspapers
major,newspapers,(and
newspapers,(and,later
(and,later,books)
later,books),as
books),as,part
as,part,of
part,of,an
of,an,effort
an,effort,to
effort,to,end
to,end,his
end,his,bombing
his,bombing,campaign
bombing,campaign,of
campaign,of,the
of,the,techno-industrial
the,techno-industrial,infrastructure
,,Appropriate
<<<<<<< HEAD
,Appropriate,"technology
See"
Appropriate,"technology
See",also
"technology
See",also,Technocriticism
also,Technocriticism,and
Technocriticism,and,"Technorealism
The"
and,"Technorealism
The",notion
"Technorealism
=======
,Appropriate,"technology
See"
Appropriate,"technology
See",also
"technology
See",also,Technocriticism
also,Technocriticism,and
Technocriticism,and,"Technorealism
The"
and,"Technorealism
The",notion
"Technorealism
>>>>>>> e2c7402fbd787bc1e143cb301cae8a59b679546a
The",notion,of
notion,of,appropriate
of,appropriate,technology
appropriate,technology,however
technology,however,was
however,was,developed
was,developed,in
developed,in,the
in,the,20th
the,20th,century
20th,century,(e
,,g
,,
,,see
,see,the
see,the,work
the,work,of
work,of,E
,,F
,,Schumacher
,Schumacher,and
Schumacher,and,of
and,of,Jacques
of,Jacques,Ellul)
Jacques,Ellul),to
Ellul),to,describe
to,describe,situations
describe,situations,where
situations,where,it
where,it,was
it,was,not
was,not,desirable
not,desirable,to
desirable,to,use
to,use,very
use,very,new
very,new,technologies
new,technologies,or
technologies,or,those
or,those,that
those,that,required
that,required,access
required,access,to
access,to,some
to,some,centralized
some,centralized,infrastructure
centralized,infrastructure,or
infrastructure,or,parts
or,parts,or
parts,or,skills
or,skills,imported
skills,imported,from
imported,from,elsewhere
,,The
,The,eco-village
The,eco-village,movement
eco-village,movement,emerged
movement,emerged,in
emerged,in,part
in,part,due
part,due,to
due,to,this
to,this,concern
,,Optimism
,Optimism,and
Optimism,and,Skepticism
and,Skepticism,in
Skepticism,in,the
in,the,21st
<<<<<<< HEAD
the,21st,"century
This"
21st,"century
This",article
"century
=======
the,21st,"century
This"
21st,"century
This",article
"century
>>>>>>> e2c7402fbd787bc1e143cb301cae8a59b679546a
This",article,mainly
article,mainly,focusses
mainly,focusses,on
focusses,on,American
on,American,concerns
American,concerns,even
concerns,even,if
even,if,it
if,it,can
it,can,reasonably
can,reasonably,be
reasonably,be,generalized
be,generalized,to
generalized,to,other
to,other,Western
other,Western,countries
,,The
,The,inadequate
The,inadequate,quantity
inadequate,quantity,and
quantity,and,quality
and,quality,of
quality,of,American
of,American,jobs
American,jobs,is
jobs,is,one
is,one,of
one,of,the
of,the,most
the,most,fundamental
most,fundamental,economic
fundamental,economic,challenges
economic,challenges,we
challenges,we,face
,,What's
,What's,the
What's,the,linkage
the,linkage,between
linkage,between,technology
between,technology,and
technology,and,this
and,this,fundamental
<<<<<<< HEAD
this,fundamental,"problem?

— Bernstein"
fundamental,"problem?

— Bernstein",Jared
"problem?

=======
this,fundamental,"problem?

— Bernstein"
fundamental,"problem?

— Bernstein",Jared
"problem?

>>>>>>> e2c7402fbd787bc1e143cb301cae8a59b679546a
— Bernstein",Jared,“It’s
Jared,“It’s,Not
“It’s,Not,a
Not,a,Skills
a,Skills,Gap
Skills,Gap,That’s
Gap,That’s,Holding
That’s,Holding,Wages
Holding,Wages,Down
Wages,Down,It’s
Down,It’s,the
It’s,the,Weak
the,Weak,Economy
Weak,Economy,Among
Economy,Among,Other
Among,Other,"Things,”"
Other,"Things,”",in
"Things,”",in,The
in,The,American
The,American,Prospect
American,Prospect,October
<<<<<<< HEAD
Prospect,October,"2014
In"
October,"2014
In",his
"2014
=======
Prospect,October,"2014
In"
October,"2014
In",his
"2014
>>>>>>> e2c7402fbd787bc1e143cb301cae8a59b679546a
In",his,article
his,article,Jared
article,Jared,Bernstein
Jared,Bernstein,a
Bernstein,a,Senior
a,Senior,Fellow
Senior,Fellow,at
Fellow,at,the
at,the,Center
the,Center,on
Center,on,Budget
on,Budget,and
Budget,and,Policy
and,Policy,Priorities
Policy,Priorities,questions
Priorities,questions,the
questions,the,widespread
the,widespread,idea
widespread,idea,that
idea,that,automation
that,automation,and
automation,and,more
and,more,broadly
more,broadly,technological
broadly,technological,advances
technological,advances,have
advances,have,mainly
have,mainly,contributed
mainly,contributed,to
contributed,to,this
to,this,growing
this,growing,labor
growing,labor,market
labor,market,problem
,,His
,His,thesis
His,thesis,appears
thesis,appears,to
appears,to,be
to,be,a
be,a,third
a,third,way
third,way,between
way,between,Optimism
between,Optimism,and
Optimism,and,Skepticism
,,Basically
,Basically,he
Basically,he,stands
he,stands,for
stands,for,a
for,a,neutral
a,neutral,approach
neutral,approach,of
approach,of,the
of,the,linkage
the,linkage,between
linkage,between,technology
between,technology,and
technology,and,American
and,American,issues
American,issues,concerning
issues,concerning,unemployment
concerning,unemployment,and
unemployment,and,eroding
and,eroding,wages
,,He
,He,uses
He,uses,two
uses,two,main
two,main,arguments
main,arguments,to
arguments,to,defend
to,defend,his
defend,his,point
,,First
,First,of
First,of,all
of,all,because
all,because,of
because,of,recent
of,recent,technological
recent,technological,advances
technological,advances,an
advances,an,increasing
an,increasing,number
increasing,number,of
number,of,workers
of,workers,are
workers,are,losing
are,losing,their
losing,their,jobs
,,Yet
,Yet,scientific
Yet,scientific,evidence
scientific,evidence,fails
evidence,fails,to
fails,to,clearly
to,clearly,demonstrate
clearly,demonstrate,that
demonstrate,that,technology
that,technology,has
technology,has,displaced
has,displaced,so
displaced,so,many
so,many,workers
many,workers,that
workers,that,it
that,it,has
it,has,created
has,created,more
created,more,problems
more,problems,than
problems,than,it
than,it,has
it,has,solved
,,Indeed
,Indeed,automation
Indeed,automation,threatens
automation,threatens,repetitive
threatens,repetitive,jobs
repetitive,jobs,but
jobs,but,higher-end
but,higher-end,jobs
higher-end,jobs,are
jobs,are,still
are,still,necessary
still,necessary,because
necessary,because,they
because,they,complement
they,complement,technology
complement,technology,and
technology,and,manual
and,manual,jobs
manual,jobs,that
jobs,that,"""requires"
that,"""requires",flexibility
"""requires",flexibility,judgment
flexibility,judgment,and
judgment,and,common
and,common,"sense"""
common,"sense""",remain
"sense""",remain,hard
remain,hard,to
hard,to,be
to,be,replaced
be,replaced,by
replaced,by,machines
,,Second
,Second,studies
Second,studies,have
studies,have,not
have,not,defined
not,defined,clear
defined,clear,links
clear,links,between
links,between,recent
between,recent,technology
recent,technology,advances
technology,advances,and
advances,and,the
and,the,wage
the,wage,trends
wage,trends,of
trends,of,the
of,the,last
the,last,decades
,,Therefore
,Therefore,according
Therefore,according,to
according,to,Jared
to,Jared,Bernstein
Jared,Bernstein,instead
Bernstein,instead,of
instead,of,focusing
of,focusing,on
focusing,on,technology
on,technology,and
technology,and,its
and,its,hypothetical
its,hypothetical,influences
hypothetical,influences,on
influences,on,current
on,current,American
current,American,increasing
American,increasing,unemployment
increasing,unemployment,and
unemployment,and,eroding
and,eroding,wages
eroding,wages,one
wages,one,needs
one,needs,to
needs,to,worry
to,worry,more
worry,more,about
more,about,"""bad"
about,"""bad",policy
"""bad",policy,that
policy,that,fails
that,fails,to
fails,to,offset
to,offset,the
offset,the,imbalances
the,imbalances,in
imbalances,in,demand
in,demand,trade
demand,trade,income
trade,income,and
income,and,opportunity
<<<<<<< HEAD
,,"""

Complex"
,"""

Complex",Technological
"""

Complex",Technological,"Systems
Thomas"
Technological,"Systems
=======
,,"""

Complex"
,"""

Complex",Technological
"""

Complex",Technological,"Systems
Thomas"
Technological,"Systems
>>>>>>> e2c7402fbd787bc1e143cb301cae8a59b679546a
Thomas",P
,,Hughes
,Hughes,pointed
Hughes,pointed,out
pointed,out,that
out,that,because
that,because,technology
because,technology,has
technology,has,been
has,been,considered
been,considered,as
considered,as,a
as,a,key
a,key,way
key,way,to
way,to,solve
to,solve,problems
solve,problems,we
problems,we,need
we,need,to
need,to,be
to,be,aware
be,aware,of
aware,of,its
of,its,complex
its,complex,and
complex,and,varied
and,varied,characters
varied,characters,to
characters,to,use
to,use,it
use,it,more
it,more,efficiently
,,What
,What,is
What,is,the
is,the,difference
the,difference,between
difference,between,a
between,a,wheel
a,wheel,or
wheel,or,a
or,a,compass
a,compass,and
compass,and,cooking
and,cooking,machines
cooking,machines,such
machines,such,as
such,as,an
as,an,oven
an,oven,or
oven,or,a
or,a,gas
a,gas,stove?
gas,stove?,Can
stove?,Can,we
Can,we,consider
we,consider,all
consider,all,of
all,of,them
of,them,only
them,only,a
only,a,part
a,part,of
part,of,them
of,them,or
them,or,none
or,none,of
none,of,them
of,them,as
<<<<<<< HEAD
them,as,"technologies?

Technology"
as,"technologies?

Technology",is
"technologies?

=======
them,as,"technologies?

Technology"
as,"technologies?

Technology",is
"technologies?

>>>>>>> e2c7402fbd787bc1e143cb301cae8a59b679546a
Technology",is,often
is,often,considered
often,considered,too
considered,too,narrowly
too,narrowly,according
narrowly,according,to
according,to,Thomas
to,Thomas,P
,,Hughes
,Hughes,"""Technology"
Hughes,"""Technology",is
"""Technology",is,a
is,a,creative
a,creative,process
creative,process,involving
process,involving,human
involving,human,ingenuity”
,,This
,This,definition
This,definition,emphasizing
definition,emphasizing,on
emphasizing,on,creativity
on,creativity,avoids
creativity,avoids,unbounded
avoids,unbounded,definition
unbounded,definition,that
definition,that,may
that,may,mistakenly
may,mistakenly,include
mistakenly,include,cooking
include,cooking,“technologies”
,,But
,But,it
But,it,also
it,also,highlights
also,highlights,the
highlights,the,prominent
the,prominent,role
prominent,role,of
role,of,humans
of,humans,and
humans,and,therefore
and,therefore,their
therefore,their,responsibilities
their,responsibilities,for
responsibilities,for,the
for,the,use
the,use,of
use,of,complex
of,complex,technological
complex,technological,systems
,,Yet
,Yet,because
Yet,because,technology
because,technology,is
technology,is,everywhere
is,everywhere,and
everywhere,and,has
and,has,dramatically
has,dramatically,changed
dramatically,changed,landscapes
changed,landscapes,and
landscapes,and,societies
and,societies,Hughes
societies,Hughes,argued
Hughes,argued,that
argued,that,engineers
that,engineers,scientists
engineers,scientists,and
scientists,and,managers
and,managers,often
managers,often,have
often,have,believed
have,believed,that
believed,that,they
that,they,can
they,can,use
can,use,technology
use,technology,to
technology,to,shape
to,shape,the
shape,the,world
the,world,as
world,as,they
as,they,want
,,They
,They,have
They,have,often
have,often,supposed
often,supposed,that
supposed,that,technology
that,technology,is
technology,is,easily
is,easily,controllable
easily,controllable,and
controllable,and,this
and,this,assumption
this,assumption,has
assumption,has,to
has,to,be
to,be,thoroughly
be,thoroughly,questioned
,,Therefore
,Therefore,recognition
Therefore,recognition,of
recognition,of,the
of,the,limitations
the,limitations,of
limitations,of,technology
of,technology,and
technology,and,more
and,more,broadly
more,broadly,scientific
broadly,scientific,knowledge
scientific,knowledge,is
knowledge,is,needed
is,needed,especially
needed,especially,in
especially,in,cases
in,cases,dealing
cases,dealing,with
dealing,with,environmental
with,environmental,justice
environmental,justice,and
justice,and,health
and,health,issues
,,Gwen
,Gwen,Ottinger
Gwen,Ottinger,continues
Ottinger,continues,this
continues,this,reasoning
this,reasoning,and
reasoning,and,argues
and,argues,that
argues,that,the
that,the,ongoing
the,ongoing,recognition
ongoing,recognition,of
recognition,of,the
of,the,limitations
the,limitations,of
limitations,of,scientific
of,scientific,knowledge
scientific,knowledge,goes
knowledge,goes,hand
goes,hand,in
hand,in,hand
in,hand,with
hand,with,scientists
with,scientists,and
scientists,and,engineers’
and,engineers’,new
engineers’,new,comprehension
new,comprehension,of
comprehension,of,their
of,their,role
,,Such
,Such,an
Such,an,approach
an,approach,of
approach,of,technology
of,technology,and
technology,and,science
<<<<<<< HEAD
and,science,"""

Competitiveness
Technology"
science,"""

Competitiveness
Technology",is
"""

Competitiveness
=======
and,science,"""

Competitiveness
Technology"
science,"""

Competitiveness
Technology",is
"""

Competitiveness
>>>>>>> e2c7402fbd787bc1e143cb301cae8a59b679546a
Technology",is,properly
is,properly,defined
properly,defined,as
defined,as,any
as,any,application
any,application,of
application,of,science
of,science,to
science,to,accomplish
to,accomplish,a
accomplish,a,function
,,The
,The,science
The,science,can
science,can,be
can,be,leading
be,leading,edge
leading,edge,or
edge,or,well
or,well,established
well,established,and
established,and,the
and,the,function
the,function,can
function,can,have
can,have,high
have,high,visibility
high,visibility,or
visibility,or,be
or,be,significantly
be,significantly,more
significantly,more,mundane
more,mundane,but
mundane,but,it
but,it,is
it,is,all
is,all,technology
all,technology,and
technology,and,its
and,its,exploitation
its,exploitation,is
exploitation,is,the
is,the,foundation
the,foundation,of
foundation,of,all
of,all,competitive
all,competitive,advantage
,,Technology-based
,Technology-based,planning
Technology-based,planning,is
planning,is,what
is,what,was
what,was,used
was,used,to
used,to,build
to,build,the
build,the,US
the,US,industrial
US,industrial,giants
industrial,giants,before
giants,before,WWII
before,WWII,(e
,,g
,,
,,Dow
,Dow,DuPont
Dow,DuPont,GM)
DuPont,GM),and
GM),and,it
and,it,what
it,what,was
what,was,used
was,used,to
used,to,transform
to,transform,the
transform,the,US
the,US,into
US,into,a
into,a,superpower
,,It
,It,was
It,was,not
was,not,economic-based
not,economic-based,planning
,,Project
<<<<<<< HEAD
,Project,"Socrates

This"
Project,"Socrates

This",section
"Socrates

=======
,Project,"Socrates

This"
Project,"Socrates

This",section
"Socrates

>>>>>>> e2c7402fbd787bc1e143cb301cae8a59b679546a
This",section,contains
section,contains,information
contains,information,of
information,of,unclear
of,unclear,or
unclear,or,questionable
or,questionable,importance
questionable,importance,or
importance,or,relevance
or,relevance,to
relevance,to,the
to,the,article's
the,article's,subject
article's,subject,matter
,,Please
,Please,help
Please,help,improve
help,improve,this
improve,this,article
this,article,by
article,by,clarifying
by,clarifying,or
clarifying,or,removing
or,removing,superfluous
removing,superfluous,information
,,(May
<<<<<<< HEAD
,(May,"2015)
In"
(May,"2015)
In",1983
"2015)
=======
,(May,"2015)
In"
(May,"2015)
In",1983
"2015)
>>>>>>> e2c7402fbd787bc1e143cb301cae8a59b679546a
In",1983,Project
1983,Project,Socrates
Project,Socrates,was
Socrates,was,initiated
was,initiated,in
initiated,in,the
in,the,US
the,US,intelligence
US,intelligence,community
intelligence,community,to
community,to,determine
to,determine,the
determine,the,source
the,source,of
source,of,declining
of,declining,US
declining,US,economic
US,economic,and
economic,and,military
and,military,competitiveness
,,Project
,Project,Socrates
Project,Socrates,concluded
Socrates,concluded,that
concluded,that,technology
that,technology,exploitation
technology,exploitation,is
exploitation,is,the
is,the,foundation
the,foundation,of
foundation,of,all
of,all,competitive
all,competitive,advantage
competitive,advantage,and
advantage,and,that
and,that,declining
that,declining,US
declining,US,competitiveness
US,competitiveness,was
competitiveness,was,from
was,from,decision-making
from,decision-making,in
decision-making,in,the
in,the,private
the,private,and
private,and,public
and,public,sectors
public,sectors,switching
sectors,switching,from
switching,from,technology
from,technology,exploitation
technology,exploitation,(technology-based
exploitation,(technology-based,planning)
(technology-based,planning),to
planning),to,money
to,money,exploitation
money,exploitation,(economic-based
exploitation,(economic-based,planning)
(economic-based,planning),at
planning),at,the
at,the,end
the,end,of
end,of,World
of,World,War
World,War,II
,,Project
,Project,Socrates
Project,Socrates,determined
Socrates,determined,that
determined,that,to
that,to,rebuild
to,rebuild,US
rebuild,US,competitiveness
US,competitiveness,decision
competitiveness,decision,making
decision,making,throughout
making,throughout,the
throughout,the,US
the,US,had
US,had,to
had,to,readopt
to,readopt,technology-based
readopt,technology-based,planning
,,Project
,Project,Socrates
Project,Socrates,also
Socrates,also,determined
also,determined,that
determined,that,countries
that,countries,like
countries,like,China
like,China,and
China,and,India
and,India,had
India,had,continued
had,continued,executing
continued,executing,technology-based
executing,technology-based,(while
technology-based,(while,the
(while,the,US
the,US,took
US,took,its
took,its,detour
its,detour,into
detour,into,economic-based)
into,economic-based),planning
economic-based),planning,and
planning,and,as
and,as,a
as,a,result
a,result,had
result,had,considerably
had,considerably,advanced
considerably,advanced,the
advanced,the,process
the,process,and
process,and,were
and,were,using
were,using,it
using,it,to
it,to,build
to,build,themselves
build,themselves,into
themselves,into,superpowers
,,To
,To,rebuild
To,rebuild,US
rebuild,US,competitiveness
US,competitiveness,the
competitiveness,the,US
the,US,decision-makers
US,decision-makers,needed
decision-makers,needed,to
needed,to,adopt
to,adopt,a
adopt,a,form
a,form,of
form,of,technology-based
of,technology-based,planning
technology-based,planning,that
planning,that,was
that,was,far
was,far,more
far,more,advanced
more,advanced,than
advanced,than,that
than,that,used
that,used,by
used,by,China
by,China,and
China,and,India
,,Project
,Project,Socrates
Project,Socrates,determined
Socrates,determined,that
determined,that,technology-based
that,technology-based,planning
technology-based,planning,makes
planning,makes,an
makes,an,evolutionary
an,evolutionary,leap
evolutionary,leap,forward
leap,forward,every
forward,every,few
every,few,hundred
few,hundred,years
hundred,years,and
years,and,the
and,the,next
the,next,evolutionary
next,evolutionary,leap
evolutionary,leap,the
leap,the,Automated
the,Automated,Innovation
Automated,Innovation,Revolution
Innovation,Revolution,was
Revolution,was,poised
was,poised,to
poised,to,occur
,,In
,In,the
In,the,Automated
the,Automated,Innovation
Automated,Innovation,Revolution
Innovation,Revolution,the
Revolution,the,process
the,process,for
process,for,determining
for,determining,how
determining,how,to
how,to,acquire
to,acquire,and
acquire,and,utilize
and,utilize,technology
utilize,technology,for
technology,for,a
for,a,competitive
a,competitive,advantage
competitive,advantage,(which
advantage,(which,includes
(which,includes,R&D)
includes,R&D),is
R&D),is,automated
is,automated,so
automated,so,that
so,that,it
that,it,can
it,can,be
can,be,executed
be,executed,with
executed,with,unprecedented
with,unprecedented,speed
unprecedented,speed,efficiency
speed,efficiency,and
efficiency,and,agility
,,Project
,Project,Socrates
Project,Socrates,developed
Socrates,developed,the
developed,the,means
the,means,for
means,for,automated
for,automated,innovation
automated,innovation,so
innovation,so,that
so,that,the
that,the,US
the,US,could
US,could,lead
could,lead,the
lead,the,Automated
the,Automated,Innovation
Automated,Innovation,Revolution
Innovation,Revolution,in
Revolution,in,order
in,order,to
order,to,rebuild
to,rebuild,and
rebuild,and,maintain
and,maintain,the
maintain,the,country's
the,country's,economic
country's,economic,competitiveness
economic,competitiveness,for
competitiveness,for,many
for,many,generations
,,Other
,Other,animal
<<<<<<< HEAD
Other,animal,"species
See"
animal,"species
See",also
"species
=======
Other,animal,"species
See"
animal,"species
See",also
"species
>>>>>>> e2c7402fbd787bc1e143cb301cae8a59b679546a
See",also,Tool
also,Tool,use
Tool,use,by
use,by,animals
by,animals,Structures
animals,Structures,built
Structures,built,by
built,by,animals
by,animals,and
animals,and,Ecosystem
<<<<<<< HEAD
and,Ecosystem,"engineer

This"
Ecosystem,"engineer

This",adult
"engineer

=======
and,Ecosystem,"engineer

This"
Ecosystem,"engineer

This",adult
"engineer

>>>>>>> e2c7402fbd787bc1e143cb301cae8a59b679546a
This",adult,gorilla
adult,gorilla,uses
gorilla,uses,a
uses,a,branch
a,branch,as
branch,as,a
as,a,walking
a,walking,stick
walking,stick,to
stick,to,gauge
to,gauge,the
gauge,the,water's
the,water's,depth
water's,depth,an
depth,an,example
an,example,of
example,of,technology
of,technology,usage
technology,usage,by
usage,by,non-human
by,non-human,primates
,,The
,The,use
The,use,of
use,of,basic
of,basic,technology
basic,technology,is
technology,is,also
is,also,a
also,a,feature
a,feature,of
feature,of,other
of,other,animal
other,animal,species
animal,species,apart
species,apart,from
apart,from,humans
,,These
,These,include
These,include,primates
include,primates,such
primates,such,as
such,as,chimpanzees
as,chimpanzees,some
chimpanzees,some,dolphin
some,dolphin,communities
dolphin,communities,Considering
communities,Considering,a
Considering,a,more
a,more,generic
more,generic,perspective
generic,perspective,of
perspective,of,technology
of,technology,as
technology,as,ethology
as,ethology,of
ethology,of,active
of,active,environmental
active,environmental,conditioning
environmental,conditioning,and
conditioning,and,control
and,control,we
control,we,can
we,can,also
can,also,refer
also,refer,to
refer,to,animal
to,animal,examples
animal,examples,such
examples,such,as
such,as,beavers
as,beavers,and
beavers,and,their
and,their,dams
their,dams,or
dams,or,bees
or,bees,and
bees,and,their
and,their,honeycombs
,,The
,The,ability
The,ability,to
ability,to,make
to,make,and
make,and,use
and,use,tools
use,tools,was
tools,was,once
was,once,considered
once,considered,a
considered,a,defining
a,defining,characteristic
defining,characteristic,of
characteristic,of,the
of,the,genus
the,genus,Homo
,,
