" Телефон шнуровой Panasonic KX-TS 2350 UAW "," 349 , грн. "," Тип: Проводные телефоны Подключаемых трубок: 1 Время работы в режиме разговора: До 18 ч ",http://cdn.comfy.ua/media/catalog/product/cache/4/small_image/340x255/62defc7f46f3fbfc8afcd112227d1181/5/8/588_0.jpg
" Телефон шнуровой Panasonic KX-TS 2350 UAJ "," 349 , грн. "," Тип: Проводные телефоны Подключаемых трубок: 1 Время работы в режиме разговора: До 18 ч ",http://cdn.comfy.ua/media/catalog/product/cache/4/small_image/340x255/62defc7f46f3fbfc8afcd112227d1181/p/a/panasonic-kx-ts-2350-ruj_1_1.jpg
" Телефон шнуровой Panasonic KX-TS 2350 UAT "," 379 , грн. "," Тип: Проводные телефоны Подключаемых трубок: 1 Время работы в режиме разговора: До 18 ч ",http://cdn.comfy.ua/media/catalog/product/cache/4/small_image/340x255/62defc7f46f3fbfc8afcd112227d1181/k/x/kxts2350uat_2.jpg
" Телефон шнуровой Panasonic KX-TS 2350 UAS "," 379 , грн. "," Тип: Проводные телефоны Подключаемых трубок: 1 ",http://cdn.comfy.ua/media/catalog/product/cache/4/small_image/340x255/62defc7f46f3fbfc8afcd112227d1181/k/x/kxts2350uas_2.jpg
" Телефон шнуровой Panasonic KX-TS 2352 UAB "," 409 , грн. "," Тип: Проводные телефоны Подключаемых трубок: 1 Время работы в режиме разговора: До 13 ч ",http://cdn.comfy.ua/media/catalog/product/cache/4/small_image/340x255/62defc7f46f3fbfc8afcd112227d1181/k/x/kx-ts_2352_uab_1.jpg
" Телефон шнуровой Panasonic KX-TS 2352 UAW "," 409 , грн. "," Тип: Проводные телефоны Время работы в режиме разговора: До 12 ч ",http://cdn.comfy.ua/media/catalog/product/cache/4/small_image/340x255/62defc7f46f3fbfc8afcd112227d1181/r/u/ru-ts2352w_d.gif
" Телефон шнуровой Panasonic KX-TS 2352 UAJ "," 409 , грн. "," Тип: Проводные телефоны Подключаемых трубок: 1 Время работы в режиме разговора: До 17 ч ",http://cdn.comfy.ua/media/catalog/product/cache/4/small_image/340x255/62defc7f46f3fbfc8afcd112227d1181/r/u/ru-ts2352j_d_1.gif
" Телефон шнуровой Gigaset DA210 White "," 535 , грн. "," Тип: Проводные телефоны Время работы в режиме разговора: Нет ",http://cdn.comfy.ua/media/catalog/product/cache/4/small_image/340x255/62defc7f46f3fbfc8afcd112227d1181/g/i/gigaset_da210_white_6863654.jpg
" Телефон шнуровой Panasonic KX-TS 2382 UAW "," 669 , грн. "," Тип: Проводные телефоны Время работы в режиме разговора: До 17 ч ",http://cdn.comfy.ua/media/catalog/product/cache/4/small_image/340x255/62defc7f46f3fbfc8afcd112227d1181/9/2/926769_1.jpg
" Телефон шнуровой Panasonic KX-TS 2356 UAB "," 809 , грн. "," Тип: Проводные телефоны Время работы в режиме разговора: До 18 ч ",http://cdn.comfy.ua/media/catalog/product/cache/4/small_image/340x255/62defc7f46f3fbfc8afcd112227d1181/p/a/panasonic_kx-ts2358rub-500x500.jpg
" Телефон шнуровой Panasonic KX-TS 2356 UAW "," 809 , грн. "," Тип: Проводные телефоны Подключаемых трубок: 1 Время работы в режиме разговора: До 18 ч ",http://cdn.comfy.ua/media/catalog/product/cache/4/small_image/340x255/62defc7f46f3fbfc8afcd112227d1181/9/1/912490_1.jpg
" Телефон шнуровой Panasonic KX-TS 2362 UAW "," 909 , грн. "," Тип: Проводные телефоны Время работы в режиме разговора: До 16 ч ",http://cdn.comfy.ua/media/catalog/product/cache/4/small_image/340x255/62defc7f46f3fbfc8afcd112227d1181/0/3/0304_1.jpg
" Телефон шнуровой Panasonic KX-TS 2363 UAW "," 909 , грн. "," Тип: Проводные телефоны Время работы в режиме разговора: До 10 ч ",http://cdn.comfy.ua/media/catalog/product/cache/4/small_image/340x255/62defc7f46f3fbfc8afcd112227d1181/9/2/929659_1.jpg
" Телефон шнуровой Panasonic KX-TS 2388 UAW "," 1089 , грн. "," Тип: Проводные телефоны Время работы в режиме разговора: До 24 ч ",http://cdn.comfy.ua/media/catalog/product/cache/4/small_image/340x255/62defc7f46f3fbfc8afcd112227d1181/9/5/952085_1.jpg
" Телефон шнуровой Panasonic KX-TS 2388 UAB "," 1089 , грн. "," Тип: Проводные телефоны ",http://cdn.comfy.ua/media/catalog/product/cache/4/small_image/340x255/62defc7f46f3fbfc8afcd112227d1181/p/a/panasonic_kx-ts_2388_uab.jpg
" Телефон шнуровой Panasonic KX-TS 2365 RUW "," 1139 , грн. "," Тип: Проводные телефоны Время работы в режиме разговора: До 8 ч ",http://cdn.comfy.ua/media/catalog/product/cache/4/small_image/340x255/62defc7f46f3fbfc8afcd112227d1181/3/2/3215.jpg
" Телефон шнуровой Panasonic KX-TS 2368 RUW "," 1739 , грн. "," Тип: Проводные телефоны ",http://cdn.comfy.ua/media/catalog/product/cache/4/small_image/340x255/62defc7f46f3fbfc8afcd112227d1181/p/a/panasonic_kx-ts_2368_ruw.jpg
" Телефон шнуровой Panasonic KX-TS 2350 UAB "," 349 , грн. "," Тип: Проводные телефоны Подключаемых трубок: 1 ",http://cdn.comfy.ua/media/catalog/product/cache/4/small_image/340x255/62defc7f46f3fbfc8afcd112227d1181/k/x/kxts2350uab_2.jpg
